"нужда в картата на А","покрива се в картата на Б"
"Луна в Овен","Луна в Овен или Скорпион; Луна в 1-ви или 8-и дом; Луна в аспект с Марс; Луна в един знак с Марс"
"Луна в Телец","Луна в Телец или Везни; Луна в 2-ри или 7-и дом; Луна в аспект с Венера; Луна в един знак с Венера"
"Луна в Близнаци","Луна в Близнаци или Дева; Луна в 3-ти или 6-и дом; Луна в аспект с Меркурий; Луна в един знак с Меркурий"
"Луна в Рак","не ражда нужда — точката стои в собствения си знак"
"Луна в Лъв","Луна в Лъв; Луна в 5-и дом; Луна в аспект със Слънцето; Луна в един знак със Слънцето"
"Луна в Дева","Луна в Близнаци или Дева; Луна в 3-ти или 6-и дом; Луна в аспект с Меркурий; Луна в един знак с Меркурий"
"Луна в Везни","Луна в Телец или Везни; Луна в 2-ри или 7-и дом; Луна в аспект с Венера; Луна в един знак с Венера"
"Луна в Скорпион","Луна в Овен или Скорпион; Луна в 1-ви или 8-и дом; Луна в аспект с Марс; Луна в един знак с Марс"
"Луна в Стрелец","Луна в Стрелец или Риби; Луна в 9-и или 12-и дом; Луна в аспект с Юпитер; Луна в един знак с Юпитер"
"Луна в Козирог","Луна в Козирог или Водолей; Луна в 10-и или 11-и дом; Луна в аспект със Сатурн; Луна в един знак със Сатурн"
"Луна в Водолей","Луна в Козирог или Водолей; Луна в 10-и или 11-и дом; Луна в аспект със Сатурн; Луна в един знак със Сатурн"
"Луна в Риби","Луна в Стрелец или Риби; Луна в 9-и или 12-и дом; Луна в аспект с Юпитер; Луна в един знак с Юпитер"
"Слънце в Овен","Слънце в Овен или Скорпион; Слънце в 1-ви или 8-и дом; Слънце в аспект с Марс; Слънце в един знак с Марс"
"Слънце в Телец","Слънце в Телец или Везни; Слънце в 2-ри или 7-и дом; Слънце в аспект с Венера; Слънце в един знак с Венера"
"Слънце в Близнаци","Слънце в Близнаци или Дева; Слънце в 3-ти или 6-и дом; Слънце в аспект с Меркурий; Слънце в един знак с Меркурий"
"Слънце в Рак","Слънце в Рак; Слънце в 4-ти дом; Слънце в аспект с Луната; Слънце в един знак с Луната"
"Слънце в Лъв","не ражда нужда — точката стои в собствения си знак"
"Слънце в Дева","Слънце в Близнаци или Дева; Слънце в 3-ти или 6-и дом; Слънце в аспект с Меркурий; Слънце в един знак с Меркурий"
"Слънце в Везни","Слънце в Телец или Везни; Слънце в 2-ри или 7-и дом; Слънце в аспект с Венера; Слънце в един знак с Венера"
"Слънце в Скорпион","Слънце в Овен или Скорпион; Слънце в 1-ви или 8-и дом; Слънце в аспект с Марс; Слънце в един знак с Марс"
"Слънце в Стрелец","Слънце в Стрелец или Риби; Слънце в 9-и или 12-и дом; Слънце в аспект с Юпитер; Слънце в един знак с Юпитер"
"Слънце в Козирог","Слънце в Козирог или Водолей; Слънце в 10-и или 11-и дом; Слънце в аспект със Сатурн; Слънце в един знак със Сатурн"
"Слънце в Водолей","Слънце в Козирог или Водолей; Слънце в 10-и или 11-и дом; Слънце в аспект със Сатурн; Слънце в един знак със Сатурн"
"Слънце в Риби","Слънце в Стрелец или Риби; Слънце в 9-и или 12-и дом; Слънце в аспект с Юпитер; Слънце в един знак с Юпитер"
"Венера в Овен","Венера в Овен или Скорпион; Венера в 1-ви или 8-и дом; Венера в аспект с Марс; Венера в един знак с Марс"
"Венера в Телец","не ражда нужда — точката стои в собствения си знак"
"Венера в Близнаци","Венера в Близнаци или Дева; Венера в 3-ти или 6-и дом; Венера в аспект с Меркурий; Венера в един знак с Меркурий"
"Венера в Рак","Венера в Рак; Венера в 4-ти дом; Венера в аспект с Луната; Венера в един знак с Луната"
"Венера в Лъв","Венера в Лъв; Венера в 5-и дом; Венера в аспект със Слънцето; Венера в един знак със Слънцето"
"Венера в Дева","Венера в Близнаци или Дева; Венера в 3-ти или 6-и дом; Венера в аспект с Меркурий; Венера в един знак с Меркурий"
"Венера в Везни","не ражда нужда — точката стои в собствения си знак"
"Венера в Скорпион","Венера в Овен или Скорпион; Венера в 1-ви или 8-и дом; Венера в аспект с Марс; Венера в един знак с Марс"
"Венера в Стрелец","Венера в Стрелец или Риби; Венера в 9-и или 12-и дом; Венера в аспект с Юпитер; Венера в един знак с Юпитер"
"Венера в Козирог","Венера в Козирог или Водолей; Венера в 10-и или 11-и дом; Венера в аспект със Сатурн; Венера в един знак със Сатурн"
"Венера в Водолей","Венера в Козирог или Водолей; Венера в 10-и или 11-и дом; Венера в аспект със Сатурн; Венера в един знак със Сатурн"
"Венера в Риби","Венера в Стрелец или Риби; Венера в 9-и или 12-и дом; Венера в аспект с Юпитер; Венера в един знак с Юпитер"
"Меркурий в Овен","Меркурий в Овен или Скорпион; Меркурий в 1-ви или 8-и дом; Меркурий в аспект с Марс; Меркурий в един знак с Марс"
"Меркурий в Телец","Меркурий в Телец или Везни; Меркурий в 2-ри или 7-и дом; Меркурий в аспект с Венера; Меркурий в един знак с Венера"
"Меркурий в Близнаци","не ражда нужда — точката стои в собствения си знак"
"Меркурий в Рак","Меркурий в Рак; Меркурий в 4-ти дом; Меркурий в аспект с Луната; Меркурий в един знак с Луната"
"Меркурий в Лъв","Меркурий в Лъв; Меркурий в 5-и дом; Меркурий в аспект със Слънцето; Меркурий в един знак със Слънцето"
"Меркурий в Дева","не ражда нужда — точката стои в собствения си знак"
"Меркурий в Везни","Меркурий в Телец или Везни; Меркурий в 2-ри или 7-и дом; Меркурий в аспект с Венера; Меркурий в един знак с Венера"
"Меркурий в Скорпион","Меркурий в Овен или Скорпион; Меркурий в 1-ви или 8-и дом; Меркурий в аспект с Марс; Меркурий в един знак с Марс"
"Меркурий в Стрелец","Меркурий в Стрелец или Риби; Меркурий в 9-и или 12-и дом; Меркурий в аспект с Юпитер; Меркурий в един знак с Юпитер"
"Меркурий в Козирог","Меркурий в Козирог или Водолей; Меркурий в 10-и или 11-и дом; Меркурий в аспект със Сатурн; Меркурий в един знак със Сатурн"
"Меркурий в Водолей","Меркурий в Козирог или Водолей; Меркурий в 10-и или 11-и дом; Меркурий в аспект със Сатурн; Меркурий в един знак със Сатурн"
"Меркурий в Риби","Меркурий в Стрелец или Риби; Меркурий в 9-и или 12-и дом; Меркурий в аспект с Юпитер; Меркурий в един знак с Юпитер"
"Марс в Овен","не ражда нужда — точката стои в собствения си знак"
"Марс в Телец","Марс в Телец или Везни; Марс в 2-ри или 7-и дом; Марс в аспект с Венера; Марс в един знак с Венера"
"Марс в Близнаци","Марс в Близнаци или Дева; Марс в 3-ти или 6-и дом; Марс в аспект с Меркурий; Марс в един знак с Меркурий"
"Марс в Рак","Марс в Рак; Марс в 4-ти дом; Марс в аспект с Луната; Марс в един знак с Луната"
"Марс в Лъв","Марс в Лъв; Марс в 5-и дом; Марс в аспект със Слънцето; Марс в един знак със Слънцето"
"Марс в Дева","Марс в Близнаци или Дева; Марс в 3-ти или 6-и дом; Марс в аспект с Меркурий; Марс в един знак с Меркурий"
"Марс в Везни","Марс в Телец или Везни; Марс в 2-ри или 7-и дом; Марс в аспект с Венера; Марс в един знак с Венера"
"Марс в Скорпион","не ражда нужда — точката стои в собствения си знак"
"Марс в Стрелец","Марс в Стрелец или Риби; Марс в 9-и или 12-и дом; Марс в аспект с Юпитер; Марс в един знак с Юпитер"
"Марс в Козирог","Марс в Козирог или Водолей; Марс в 10-и или 11-и дом; Марс в аспект със Сатурн; Марс в един знак със Сатурн"
"Марс в Водолей","Марс в Козирог или Водолей; Марс в 10-и или 11-и дом; Марс в аспект със Сатурн; Марс в един знак със Сатурн"
"Марс в Риби","Марс в Стрелец или Риби; Марс в 9-и или 12-и дом; Марс в аспект с Юпитер; Марс в един знак с Юпитер"
"Луна в аспект със Слънцето","Луна в Лъв; Луна в 5-и дом; Луна в аспект със Слънцето; Луна в един знак със Слънцето"
"Луна в аспект с Меркурий","Луна в Близнаци или Дева; Луна в 3-ти или 6-и дом; Луна в аспект с Меркурий; Луна в един знак с Меркурий"
"Луна в аспект с Венера","Луна в Телец или Везни; Луна в 2-ри или 7-и дом; Луна в аспект с Венера; Луна в един знак с Венера"
"Луна в аспект с Марс","Луна в Овен или Скорпион; Луна в 1-ви или 8-и дом; Луна в аспект с Марс; Луна в един знак с Марс"
"Луна в аспект с Юпитер","Луна в Стрелец или Риби; Луна в 9-и или 12-и дом; Луна в аспект с Юпитер; Луна в един знак с Юпитер"
"Луна в аспект със Сатурн","Луна в Козирог или Водолей; Луна в 10-и или 11-и дом; Луна в аспект със Сатурн; Луна в един знак със Сатурн"
"Слънце в аспект с Луната","Слънце в Рак; Слънце в 4-ти дом; Слънце в аспект с Луната; Слънце в един знак с Луната"
"Слънце в аспект с Меркурий","Слънце в Близнаци или Дева; Слънце в 3-ти или 6-и дом; Слънце в аспект с Меркурий; Слънце в един знак с Меркурий"
"Слънце в аспект с Венера","Слънце в Телец или Везни; Слънце в 2-ри или 7-и дом; Слънце в аспект с Венера; Слънце в един знак с Венера"
"Слънце в аспект с Марс","Слънце в Овен или Скорпион; Слънце в 1-ви или 8-и дом; Слънце в аспект с Марс; Слънце в един знак с Марс"
"Слънце в аспект с Юпитер","Слънце в Стрелец или Риби; Слънце в 9-и или 12-и дом; Слънце в аспект с Юпитер; Слънце в един знак с Юпитер"
"Слънце в аспект със Сатурн","Слънце в Козирог или Водолей; Слънце в 10-и или 11-и дом; Слънце в аспект със Сатурн; Слънце в един знак със Сатурн"
"Венера в аспект със Слънцето","Венера в Лъв; Венера в 5-и дом; Венера в аспект със Слънцето; Венера в един знак със Слънцето"
"Венера в аспект с Луната","Венера в Рак; Венера в 4-ти дом; Венера в аспект с Луната; Венера в един знак с Луната"
"Венера в аспект с Меркурий","Венера в Близнаци или Дева; Венера в 3-ти или 6-и дом; Венера в аспект с Меркурий; Венера в един знак с Меркурий"
"Венера в аспект с Марс","Венера в Овен или Скорпион; Венера в 1-ви или 8-и дом; Венера в аспект с Марс; Венера в един знак с Марс"
"Венера в аспект с Юпитер","Венера в Стрелец или Риби; Венера в 9-и или 12-и дом; Венера в аспект с Юпитер; Венера в един знак с Юпитер"
"Венера в аспект със Сатурн","Венера в Козирог или Водолей; Венера в 10-и или 11-и дом; Венера в аспект със Сатурн; Венера в един знак със Сатурн"
"Меркурий в аспект със Слънцето","Меркурий в Лъв; Меркурий в 5-и дом; Меркурий в аспект със Слънцето; Меркурий в един знак със Слънцето"
"Меркурий в аспект с Луната","Меркурий в Рак; Меркурий в 4-ти дом; Меркурий в аспект с Луната; Меркурий в един знак с Луната"
"Меркурий в аспект с Венера","Меркурий в Телец или Везни; Меркурий в 2-ри или 7-и дом; Меркурий в аспект с Венера; Меркурий в един знак с Венера"
"Меркурий в аспект с Марс","Меркурий в Овен или Скорпион; Меркурий в 1-ви или 8-и дом; Меркурий в аспект с Марс; Меркурий в един знак с Марс"
"Меркурий в аспект с Юпитер","Меркурий в Стрелец или Риби; Меркурий в 9-и или 12-и дом; Меркурий в аспект с Юпитер; Меркурий в един знак с Юпитер"
"Меркурий в аспект със Сатурн","Меркурий в Козирог или Водолей; Меркурий в 10-и или 11-и дом; Меркурий в аспект със Сатурн; Меркурий в един знак със Сатурн"
"Марс в аспект със Слънцето","Марс в Лъв; Марс в 5-и дом; Марс в аспект със Слънцето; Марс в един знак със Слънцето"
"Марс в аспект с Луната","Марс в Рак; Марс в 4-ти дом; Марс в аспект с Луната; Марс в един знак с Луната"
"Марс в аспект с Меркурий","Марс в Близнаци или Дева; Марс в 3-ти или 6-и дом; Марс в аспект с Меркурий; Марс в един знак с Меркурий"
"Марс в аспект с Венера","Марс в Телец или Везни; Марс в 2-ри или 7-и дом; Марс в аспект с Венера; Марс в един знак с Венера"
"Марс в аспект с Юпитер","Марс в Стрелец или Риби; Марс в 9-и или 12-и дом; Марс в аспект с Юпитер; Марс в един знак с Юпитер"
"Марс в аспект със Сатурн","Марс в Козирог или Водолей; Марс в 10-и или 11-и дом; Марс в аспект със Сатурн; Марс в един знак със Сатурн"
"Луна в труден аспект с Уран","Луна в лесен аспект с Уран; Луна в съвпад с Уран; Луна в един знак с Уран"
"Луна в лесен аспект или съвпад с Уран","Луна в какъвто и да е аспект с Уран; Луна в един знак с Уран"
"Луна в труден аспект с Нептун","Луна в лесен аспект с Нептун; Луна в съвпад с Нептун; Луна в един знак с Нептун"
"Луна в лесен аспект или съвпад с Нептун","Луна в какъвто и да е аспект с Нептун; Луна в един знак с Нептун"
"Луна в труден аспект с Плутон","Луна в лесен аспект с Плутон; Луна в съвпад с Плутон; Луна в един знак с Плутон"
"Луна в лесен аспект или съвпад с Плутон","Луна в какъвто и да е аспект с Плутон; Луна в един знак с Плутон"
"Слънце в труден аспект с Уран","Слънце в лесен аспект с Уран; Слънце в съвпад с Уран; Слънце в един знак с Уран"
"Слънце в лесен аспект или съвпад с Уран","Слънце в какъвто и да е аспект с Уран; Слънце в един знак с Уран"
"Слънце в труден аспект с Нептун","Слънце в лесен аспект с Нептун; Слънце в съвпад с Нептун; Слънце в един знак с Нептун"
"Слънце в лесен аспект или съвпад с Нептун","Слънце в какъвто и да е аспект с Нептун; Слънце в един знак с Нептун"
"Слънце в труден аспект с Плутон","Слънце в лесен аспект с Плутон; Слънце в съвпад с Плутон; Слънце в един знак с Плутон"
"Слънце в лесен аспект или съвпад с Плутон","Слънце в какъвто и да е аспект с Плутон; Слънце в един знак с Плутон"
"Венера в труден аспект с Уран","Венера в лесен аспект с Уран; Венера в съвпад с Уран; Венера в един знак с Уран"
"Венера в лесен аспект или съвпад с Уран","Венера в какъвто и да е аспект с Уран; Венера в един знак с Уран"
"Венера в труден аспект с Нептун","Венера в лесен аспект с Нептун; Венера в съвпад с Нептун; Венера в един знак с Нептун"
"Венера в лесен аспект или съвпад с Нептун","Венера в какъвто и да е аспект с Нептун; Венера в един знак с Нептун"
"Венера в труден аспект с Плутон","Венера в лесен аспект с Плутон; Венера в съвпад с Плутон; Венера в един знак с Плутон"
"Венера в лесен аспект или съвпад с Плутон","Венера в какъвто и да е аспект с Плутон; Венера в един знак с Плутон"
"Меркурий в труден аспект с Уран","Меркурий в лесен аспект с Уран; Меркурий в съвпад с Уран; Меркурий в един знак с Уран"
"Меркурий в лесен аспект или съвпад с Уран","Меркурий в какъвто и да е аспект с Уран; Меркурий в един знак с Уран"
"Меркурий в труден аспект с Нептун","Меркурий в лесен аспект с Нептун; Меркурий в съвпад с Нептун; Меркурий в един знак с Нептун"
"Меркурий в лесен аспект или съвпад с Нептун","Меркурий в какъвто и да е аспект с Нептун; Меркурий в един знак с Нептун"
"Меркурий в труден аспект с Плутон","Меркурий в лесен аспект с Плутон; Меркурий в съвпад с Плутон; Меркурий в един знак с Плутон"
"Меркурий в лесен аспект или съвпад с Плутон","Меркурий в какъвто и да е аспект с Плутон; Меркурий в един знак с Плутон"
"Марс в труден аспект с Уран","Марс в лесен аспект с Уран; Марс в съвпад с Уран; Марс в един знак с Уран"
"Марс в лесен аспект или съвпад с Уран","Марс в какъвто и да е аспект с Уран; Марс в един знак с Уран"
"Марс в труден аспект с Нептун","Марс в лесен аспект с Нептун; Марс в съвпад с Нептун; Марс в един знак с Нептун"
"Марс в лесен аспект или съвпад с Нептун","Марс в какъвто и да е аспект с Нептун; Марс в един знак с Нептун"
"Марс в труден аспект с Плутон","Марс в лесен аспект с Плутон; Марс в съвпад с Плутон; Марс в един знак с Плутон"
"Марс в лесен аспект или съвпад с Плутон","Марс в какъвто и да е аспект с Плутон; Марс в един знак с Плутон"
"Десцендент в Овен","асцендент на партньора в Овен; три или повече планети на партньора в 1-ви дом; Слънце на партньора в Овен; Марс на партньора в аспект със Слънцето на партньора; Марс на партньора в един знак със собствения му асцендент"
"Десцендент в Телец","асцендент на партньора в Телец; три или повече планети на партньора в 2-ри дом; Слънце на партньора в Телец; Венера на партньора в аспект със Слънцето на партньора; Венера на партньора в един знак със собствения му асцендент"
"Десцендент в Близнаци","асцендент на партньора в Близнаци; три или повече планети на партньора в 3-ти дом; Слънце на партньора в Близнаци; Меркурий на партньора в аспект със Слънцето на партньора; Меркурий на партньора в един знак със собствения му асцендент"
"Десцендент в Рак","асцендент на партньора в Рак; три или повече планети на партньора в 4-ти дом; Слънце на партньора в Рак; Луна на партньора в аспект със Слънцето на партньора; Луна на партньора в един знак със собствения му асцендент"
"Десцендент в Лъв","асцендент на партньора в Лъв; три или повече планети на партньора в 5-и дом; Слънце на партньора в Лъв; Слънце на партньора в един знак със собствения му асцендент"
"Десцендент в Дева","асцендент на партньора в Дева; три или повече планети на партньора в 6-и дом; Слънце на партньора в Дева; Меркурий на партньора в аспект със Слънцето на партньора; Меркурий на партньора в един знак със собствения му асцендент"
"Десцендент в Везни","асцендент на партньора в Везни; три или повече планети на партньора в 7-и дом; Слънце на партньора в Везни; Венера на партньора в аспект със Слънцето на партньора; Венера на партньора в един знак със собствения му асцендент"
"Десцендент в Скорпион","асцендент на партньора в Скорпион; три или повече планети на партньора в 8-и дом; Слънце на партньора в Скорпион; Марс на партньора в аспект със Слънцето на партньора; Плутон на партньора в аспект със Слънцето на партньора; Марс на партньора в един знак със собствения му асцендент; Плутон на партньора в един знак със собствения му асцендент"
"Десцендент в Стрелец","асцендент на партньора в Стрелец; три или повече планети на партньора в 9-и дом; Слънце на партньора в Стрелец; Юпитер на партньора в аспект със Слънцето на партньора; Юпитер на партньора в един знак със собствения му асцендент"
"Десцендент в Козирог","асцендент на партньора в Козирог; три или повече планети на партньора в 10-и дом; Слънце на партньора в Козирог; Сатурн на партньора в аспект със Слънцето на партньора; Сатурн на партньора в един знак със собствения му асцендент"
"Десцендент в Водолей","асцендент на партньора в Водолей; три или повече планети на партньора в 11-и дом; Слънце на партньора в Водолей; Сатурн на партньора в аспект със Слънцето на партньора; Уран на партньора в аспект със Слънцето на партньора; Сатурн на партньора в един знак със собствения му асцендент; Уран на партньора в един знак със собствения му асцендент"
"Десцендент в Риби","асцендент на партньора в Риби; три или повече планети на партньора в 12-и дом; Слънце на партньора в Риби; Юпитер на партньора в аспект със Слънцето на партньора; Нептун на партньора в аспект със Слънцето на партньора; Юпитер на партньора в един знак със собствения му асцендент; Нептун на партньора в един знак със собствения му асцендент"
"Имум цели в Овен","асцендент на партньора в Овен; три или повече планети на партньора в 1-ви дом; Слънце на партньора в Овен; Марс на партньора в аспект със Слънцето на партньора; Марс на партньора в един знак със собствения му асцендент"
"Имум цели в Телец","асцендент на партньора в Телец; три или повече планети на партньора в 2-ри дом; Слънце на партньора в Телец; Венера на партньора в аспект със Слънцето на партньора; Венера на партньора в един знак със собствения му асцендент"
"Имум цели в Близнаци","асцендент на партньора в Близнаци; три или повече планети на партньора в 3-ти дом; Слънце на партньора в Близнаци; Меркурий на партньора в аспект със Слънцето на партньора; Меркурий на партньора в един знак със собствения му асцендент"
"Имум цели в Рак","асцендент на партньора в Рак; три или повече планети на партньора в 4-ти дом; Слънце на партньора в Рак; Луна на партньора в аспект със Слънцето на партньора; Луна на партньора в един знак със собствения му асцендент"
"Имум цели в Лъв","асцендент на партньора в Лъв; три или повече планети на партньора в 5-и дом; Слънце на партньора в Лъв; Слънце на партньора в един знак със собствения му асцендент"
"Имум цели в Дева","асцендент на партньора в Дева; три или повече планети на партньора в 6-и дом; Слънце на партньора в Дева; Меркурий на партньора в аспект със Слънцето на партньора; Меркурий на партньора в един знак със собствения му асцендент"
"Имум цели в Везни","асцендент на партньора в Везни; три или повече планети на партньора в 7-и дом; Слънце на партньора в Везни; Венера на партньора в аспект със Слънцето на партньора; Венера на партньора в един знак със собствения му асцендент"
"Имум цели в Скорпион","асцендент на партньора в Скорпион; три или повече планети на партньора в 8-и дом; Слънце на партньора в Скорпион; Марс на партньора в аспект със Слънцето на партньора; Плутон на партньора в аспект със Слънцето на партньора; Марс на партньора в един знак със собствения му асцендент; Плутон на партньора в един знак със собствения му асцендент"
"Имум цели в Стрелец","асцендент на партньора в Стрелец; три или повече планети на партньора в 9-и дом; Слънце на партньора в Стрелец; Юпитер на партньора в аспект със Слънцето на партньора; Юпитер на партньора в един знак със собствения му асцендент"
"Имум цели в Козирог","асцендент на партньора в Козирог; три или повече планети на партньора в 10-и дом; Слънце на партньора в Козирог; Сатурн на партньора в аспект със Слънцето на партньора; Сатурн на партньора в един знак със собствения му асцендент"
"Имум цели в Водолей","асцендент на партньора в Водолей; три или повече планети на партньора в 11-и дом; Слънце на партньора в Водолей; Сатурн на партньора в аспект със Слънцето на партньора; Уран на партньора в аспект със Слънцето на партньора; Сатурн на партньора в един знак със собствения му асцендент; Уран на партньора в един знак със собствения му асцендент"
"Имум цели в Риби","асцендент на партньора в Риби; три или повече планети на партньора в 12-и дом; Слънце на партньора в Риби; Юпитер на партньора в аспект със Слънцето на партньора; Нептун на партньора в аспект със Слънцето на партньора; Юпитер на партньора в един знак със собствения му асцендент; Нептун на партньора в един знак със собствения му асцендент"
