"planet","house","ruler","ruler_house","bg","en"
"sun","7","sun","7","Другият човек ви е огледалото — покажете ли се, показвате се през него. Партньорът е ярък, държи внимание и вие не бихте искали по-блед до себе си. Само че двама в една стая се препъват кой да свети.","The other person is your mirror; when you show yourself, you show through them. Your partner is bright, holds the room, and you would not want anyone dimmer beside you. But two like that in one room trip over who gets to shine."
"sun","7","mercury","6","Свързвате се с човек през работата — заедно вършите нещата и оттам идва близостта. Говорите много за подробности: кой какво поема, кога, как. Спрете ли да се уговаряте, отношението увисва.","You bond with someone through the work — you get things done together and closeness follows. A lot of the talk is detail: who takes what, when, how. Stop arranging things out loud and it all goes slack."
"sun","7","mercury","7","Живеете чрез разговора с другия. Партньорът е бърз, чете ви, спори с вас и точно това ви държи. Мълчанието у вас е по-опасно от скандала.","You live through the conversation with the other one. Your partner is quick, reads you, argues back, and that is exactly what holds you. Silence between you is more dangerous than a row."
"sun","7","mercury","8","Важното се урежда с подписи и сметки, които не са само ваши. Другият брои, пита, помни кой какво е дал. Изяснете парите рано, иначе от тях ще излиза всеки спор.","What matters gets settled in signatures and accounts that are not only yours. The other one counts, asks, remembers who put in what. Sort the money early or every argument will come out of it."
"sun","7","venus","4","Тръгвате към човека, за да си направите дом — това е целта, дори да не я казвате. Харесва ви тихо, топло, свои хора наоколо. Ако домът не се получи, връзката губи смисъл за вас.","You move toward someone in order to make a home — that is the point, even unspoken. You like it quiet, warm, with your own people nearby. If the home never happens, the bond loses its reason for you."
"sun","7","venus","5","Влюбвате се лесно и хубаво и точно там се разпознавате. Обичате да ви ухажват, да излизате, да има игра. Пазете се само да не сменяте човека, щом играта свърши.","You fall in love easily and well, and that is where you recognise yourself. You like being courted, going out, the play of it. Just be careful not to swap the person once the play is over."
"sun","7","venus","6","Обичта ви се вижда в дребните услуги — донесено кафе, оправена работа, свършено вместо другия. Хубаво ви е, когато сте полезни на човека до себе си. Внимавайте да не се превърнете в удобство.","Your affection shows in small services: coffee brought, a job sorted, something done so they need not. It feels good to be useful to the one beside you. Watch that useful does not turn into taken for granted."
"sun","7","venus","7","Създадени сте за двама и не се преструвате на друго. Харесват ви лесно и почти винаги има кой да е до вас. Слабото място е, че се съгласявате, за да не се скара никой.","You are made for pairs and you do not pretend otherwise. People take to you easily and there is nearly always someone beside you. The weak spot is agreeing just so nobody quarrels."
"sun","7","venus","8","Привличането ви е плътно и не се обяснява на глас. Пари, легло и доверие тук вървят заедно — тръгне ли едното, тръгва и другото. Изберете човек, на когото бихте дали ключа.","The pull is deep and does not explain itself out loud. Money, bed and trust travel together here: one slips and the rest follow. Choose someone you would actually hand the keys to."
"sun","7","venus","9","Тегли ви към човек отдалеч — друг град, друг език, друго възпитание. Именно разликата ви харесва и тя ви отваря света. Само че две различни къщи трудно се събират в едно.","You are drawn to someone from further off — another city, another language, another upbringing. The difference is the appeal and it opens the world for you. Two different households, though, do not merge easily."
"sun","7","venus","10","Човекът до вас ви вдига в очите на хората. Работите заедно, показвате се заедно, името ви върви общо. Внимавайте да не изберете положение вместо човек.","The person beside you raises you in other people's eyes. You work together, appear together, share a name in public. Be careful not to pick a position instead of a person."
"sun","7","moon","1","Настроението ви зависи от човека срещу вас, а решавате сами. Днес искате близост, утре ви е тясно и никой не знае къде сте. Кажете какво ви трябва — другият не се досеща.","Your mood hangs on the person opposite, yet you decide alone. Today you want closeness, tomorrow it is too tight and nobody knows where you stand. Say what you need, because the other one will not guess."
"sun","7","moon","2","Търсите човек, до когото да ви е спокойно и да не мислите за пари. Общият бюджет ви успокоява повече от думите. Разклатят ли се сметките, охладнявате бързо.","You look for someone who makes you calm and takes money off your mind. A shared budget reassures you more than words do. Let the finances wobble and you cool off fast."
"sun","7","moon","3","Всичко минава през приказка — обаждате се, пишете, разказвате на своите. Спре ли говоренето, връзката изстива в тишината. Роднини и съседи имат повече дума, отколкото си признавате.","It all runs through talk: calls, messages, telling your own people. Once the talking stops, things cool down in the quiet. Relatives and neighbours get more of a say than you admit."
"sun","7","moon","4","Искате близък човек, който да ви е и семейство. Майка, къща, свои навици — с това мерите дали ви е добре с някого. Пазете се да не търсите родител вместо партньор.","You want someone close who is also family. Mother, house, your own habits — that is how you measure whether someone suits you. Careful not to look for a parent instead of a partner."
"sun","7","moon","5","Свързвате се през нежността и през децата — грижа, игра, глезене. Радва ви, когато другият ви прави хубаво без повод. Настроението ви обаче се обръща бързо и играта спира.","You bond through tenderness and through children — care, play, being spoiled. It delights you when the other does something nice for no reason. Your mood turns quickly, though, and the play stops."
"sun","7","moon","6","Държите се за човека през ежедневието — храна, здраве, кой какво е свършил. Оправяте му живота и това ви е начинът да обичате. Не ви ли оценят, се обиждате мълчаливо.","You hold on to someone through daily life: food, health, who did what. Sorting out their life is your way of loving. If it goes unnoticed, you sulk without saying so."
"sun","7","moon","7","Без някого до себе си не се чувствате цял човек. Хващате настроението на другия още от вратата и веднага се нагласяте по него. Затова изберете спокоен човек — с неспокоен ще се люлеете и двамата.","Without someone beside you, you do not feel whole. You catch the other one's mood from the doorway and adjust to it at once. So pick a settled person; with an unsettled one you will both rock."
"sun","7","moon","8","Привързвате се дълбоко и после ви е трудно да пуснете. Общите пари, тайните и страховете ви свързват повече от хубавите дни. Ревността ви идва от нужда, не от подозрение.","You attach deeply and then find it hard to let go. Shared money, secrets and fears bind you more than the good days do. Your jealousy comes from need, not from suspicion."
"sun","7","moon","9","Свързвате се с човек, който ви изважда от родното — далеч, в друга вяра, в друг ред на живот. Тръгвате по неговия път и в движение ви е добре. Само после ви домъчнява за своето.","You bond with someone who takes you out of where you started: far off, another faith, another way of living. You follow their road and movement suits you. Later, though, you ache for your own."
"sun","7","moon","10","Партньорът влиза в работата и в името ви — хората ви виждат двамата заедно. Успехът ви зависи от това как ви е у дома. Ако там е неспокойно, отвън се вижда веднага.","A partner comes into your work and your public name; people see the two of you as one. Your success depends on how things are at home. When home is unsettled, it shows outside immediately."
"sun","7","moon","11","Хората от кръга ви намират човека — приятел ви запознава, компанията одобрява. Държите на общите приятели почти колкото на самата връзка. Внимавайте чуждото мнение да не решава вместо вас.","Your circle finds you the person: a friend introduces you, the group approves. You hold on to mutual friends almost as much as to the bond itself. Careful that other people's opinions do not decide for you."
"sun","7","moon","12","Обичате тихо и на скрито, повече вътре в себе си, отколкото на глас. Понякога сами се отдръпвате и после ви е самотно. Кажете нещо на човека, преди да си е измислил друго.","You love quietly and out of sight, more inside yourself than out loud. Sometimes you withdraw on your own and then feel lonely. Say something to the person before they invent their own version."
"sun","7","mars","1","Сами се хвърляте към хората и вие дърпате първи. Търсите равен, а после ви се иска да командвате — оттам и сблъсъците. Изберете човек, който устоява; слабият ще ви отегчи.","You go at people yourself and you are the one who pulls first. You want an equal and then want to run things, which is where the clashes come from. Choose someone who holds their ground; a soft one will bore you."
"sun","7","mars","2","Парите са първото, за което се хващате с близък човек. Държите своето и не отстъпвате лесно, дори да е дребно. Разделете кое чие е още в началото.","Money is the first thing you go at with someone close. You hold what is yours and do not give way easily, even over small sums. Split what belongs to whom right at the start."
"sun","7","mars","3","Спорите бързо, на висок глас, и после сте добре. Думите ви излизат преди мисълта и точно те нараняват. Брат, сестра или съсед често подпалва работата.","You argue fast and loud and then you are fine. Your words come out ahead of the thought and those are the ones that wound. A brother, a sister or a neighbour often lights the fuse."
"sun","7","mars","4","Разправиите ви се случват вкъщи, зад затворена врата. Пазите семейството си и се биете за него, дори когато няма нужда. Родителите имат пръст в повечето сблъсъци.","Your rows happen at home, behind a closed door. You defend your family and fight for it, even when there is no need. Parents have a hand in most of the trouble."
"sun","7","mars","5","Влюбвате се с щурм и това ви върши работа. Обичате гонитбата, спора, помирението — еднообразното ви убива. Децата или ревността обикновено са поводът за огъня.","You fall in love by storm and it works for you. You like the chase, the row, the making up; dull is what kills you. Children or jealousy are usually what sets the fire."
"sun","7","mars","6","Работата ви събира с човек и работата ви кара да се карате. Кой колко върши и кой се пести — оттам тръгва всичко. Здравето ви плаща, ако триенето продължи дълго.","Work brings you together with someone and work is what you fight about. Who does how much and who spares themselves: that is where it starts. Your health pays if the friction runs long."
"sun","7","mars","7","Другият е и тласъкът, и триенето, и вие го знаете. Търсите човек с характер, после му се опъвате. Открит противник ви е по-удобен от хладен приятел.","The other one is both the push and the friction, and you know it. You look for someone with a spine, then push back against them. An open opponent suits you better than a cool friend."
"sun","7","mars","8","Тук се бие за пари, които не са само ваши — дългове, наследство, общ бюджет. Страстта и разправията идват от едно място. Хванете ли се в такъв спор, ще го водите докрай.","The fight here is over money that is not only yours: debts, an inheritance, a joint account. The passion and the quarrel come from the same place. Once you are in such a dispute, you will see it through."
"sun","7","mars","9","Спорите за принципи — как е правилно, кой в какво вярва, кой е прав. Човек отдалеч или отвъд граница ви разпалва най-много. Пътищата ви се решават точно в такива караници.","Your arguments are about principle: what is right, who believes what, who is correct. Someone from far off or across a border fires you up most. Your roads get decided in exactly those quarrels."
"sun","7","mars","10","Мерите се с човека до себе си пред хората — кой е по-напред, кой води. Работите заедно яростно и стигате далеч, ако не се блъскате. Началник и партньор трудно се събират в един човек.","You measure yourself against the person beside you in public: who is ahead, who leads. You work together fiercely and get far if you stop colliding. Boss and partner sit badly in one person."
"sun","7","mars","11","Приятелите ви влизат в отношенията ви и понякога ги подпалват. Хващате човек от компанията и после компанията се дели. Внимавайте на кого разказвате разправиите си.","Your friends get inside your relationships and sometimes set them alight. You take someone from the group and then the group splits. Watch who you tell your quarrels to."
"sun","7","mars","12","Гневът ви не излиза навън, а тлее и се трупа. Не казвате какво ви е, докато не се скъса, и тогава става грубо. Кажете го рано — иначе го носите сами.","Your anger does not come out; it smoulders and piles up. You say nothing until something snaps, and then it turns ugly. Say it early, or you carry it alone."
"sun","7","jupiter","1","Отваряте се широко към хората и те ви вярват. Обещавате повече, отколкото после ви се иска да носите. Изберете човек, който ви държи в мярка, защото сами не се спирате.","You open wide to people and they trust you. You promise more than you later want to carry. Pick someone who keeps you in bounds, because you will not stop yourself."
"sun","7","jupiter","2","Хората до вас ви носят пари — съдружие, брак, добра дума на място. Живеете нашироко, докато има от какво. Гледайте с кого подписвате; щедростта не гледа сметки.","The people beside you bring money in: a partnership, a marriage, a good word in the right place. You live broadly while there is something to live on. Watch who you sign with; generosity does not check the figures."
"sun","7","jupiter","3","Свързвате се, като говорите — разказвате, запознавате хора, отваряте врати с приказка. Много познати, много уговорки, не всички издържат. Обещавате в движение, после гоните обещаното.","You connect by talking: telling, introducing people, opening doors with a sentence. Many acquaintances, many arrangements, not all of them holding. You promise mid-conversation and then chase the promise."
"sun","7","jupiter","4","Искате широк дом и много хора в него. Партньорът идва с цяло семейство и вие го приемате. Пазете се да не поемете издръжката на всички.","You want a wide house with a lot of people in it. A partner arrives with a whole family and you take them in. Careful not to end up keeping everybody."
"sun","7","jupiter","5","Обичате нашироко — подаръци, излизания, деца, веселба. Даването ви прави добре и хората го помнят. Само рискувате повече, отколкото трябва, щом сте влюбени.","You love on a large scale: presents, nights out, children, celebration. Giving does you good and people remember it. You just take bigger risks than you should when you are in love."
"sun","7","jupiter","6","Помагате на човека до себе си, докато не поемете и неговата работа. Полза от вас има и се вижда, но и се свиква. Кажете докъде стигате, преди да сте се пренапрегнали.","You help the person beside you until you have taken on their work as well. You are useful and it shows, and it also becomes expected. Say where your limit is before you overstretch."
"sun","7","jupiter","7","Другият ви носи повече, отколкото сте очаквали — и добро, и обем. Партньорът е широк човек, с възможности и с апетит. Тук се стига далеч, ако някой от двамата държи сметките.","The other one brings you more than you bargained for, in luck and in bulk alike. Your partner is a large-hearted person with means and appetite. This one goes far, provided one of you keeps the accounts."
"sun","7","jupiter","8","Пари влизат отвън — от брак, от наследство, от общ капитал. Големи суми минават през вас и не всички остават. Доверявайте се, но с подпис.","Money comes in from outside: a marriage, an inheritance, joint capital. Large sums pass through you and not all of them stay. Trust, but sign the paper."
"sun","7","jupiter","9","Тук другият ви е път — чужбина, друга вяра, друго образование. Растете чрез него и виждате повече свят, отколкото сами. Внимавайте да не проповядвате, когато трябва да слушате.","Here the other one is a road: abroad, another faith, another education. You grow through them and see more of the world than you would alone. Careful not to preach where you should be listening."
"sun","7","jupiter","10","Човекът до вас ви вдига високо и хората го знаят. Общата работа расте, името ви се разчува. Само не забравяйте кой е свършил кое.","The person beside you lifts you high and people know it. The shared work grows and your name gets around. Just do not forget who did which part."
"sun","7","jupiter","11","Кръгът ви е широк и точно от него излиза човекът ви. Приятели помагат, свързват, покровителстват. Внимавайте да не обещавате на всички наведнъж.","Your circle is wide and your person comes straight out of it. Friends help, introduce, take you under a wing. Careful not to promise everyone at once."
"sun","7","jupiter","12","Помагате тихо на хора, за които никой не пита. Даването ви е искрено и понякога ви оставя без нищо. Не всеки, който взема, ще си спомни.","You help quietly, for people nobody asks about. Your giving is genuine and sometimes leaves you with nothing. Not everyone who takes will remember."
"sun","7","saturn","1","Носите отношението на свой гръб и не го казвате. Отвън минавате за хладен, а вътре чакате другият да се обърне. Не бързате с хората и добре правите — вашето става с време.","You carry the relationship on your own back and never say so. From outside you pass for cold while inside you wait for the other one to turn round. You are slow with people and right to be: yours works out with time."
"sun","7","saturn","2","Тежката дума в двойката е за парите и обикновено вие ги държите. Броите, пестите, не обещавате наизуст. Оскъдното начало не е спънка — вие строите отдолу нагоре.","The heavy word between you is money and usually you are the one holding it. You count, you save, you do not promise off the cuff. A lean start is no obstacle: you build from the ground up."
"sun","7","saturn","3","Говорите малко и премислено, а другият чака да чуе нещо. Мълчанието ви минава за студенина и оттам излизат недоразуменията. Един роднина ви тежи повече, отколкото признавате.","You speak little and only after thinking, while the other one waits to hear something. Your silence passes for coldness and that is where the misunderstandings begin. One relative weighs on you more than you admit."
"sun","7","saturn","4","Семейството има дума с кого сте, дори когато не я казва на глас. Дълг към родител или към къщата тежи върху двойката. Каквото направите тук, го правите за дълго.","Your family has a say in who you are with, even when nobody says it aloud. Duty to a parent or to the house presses on the pair. What you build here, you build to last."
"sun","7","saturn","5","Идва по-трудно, отколкото на другите — децата, флиртът, лекотата. Не се отпускате бързо и не всеки има търпение да чака. Който изчака обаче, получава верен човек.","It comes harder for you than for others: children, flirting, ease. You do not loosen up quickly and not everyone has the patience to wait. Whoever does wait gets a loyal person."
"sun","7","saturn","6","Свързвате се през задължението — работа, грижа, всекидневен ред. Носите повече от своята част и рядко се жалвате. Гледайте гърбът и здравето ви да издържат.","You bond through obligation: work, care, the daily order of things. You carry more than your share and rarely complain. Just see that your back and your health hold out."
"sun","7","saturn","7","Тук се обвързвате сериозно или никак. Другият е по-възрастен, по-строг или просто по-тежък човек от вас. Идва бавно, но щом дойде, остава.","Here you commit seriously or not at all. The other one is older, sterner, or simply a heavier person than you. It comes slowly, and once it comes it stays."
"sun","7","saturn","8","Обвързването минава през пари и подписи, не през думи. Дълг, наследство или чужд капитал стоят между вас и трябва да се изчистят. Тук нищо не се урежда набързо.","Committing runs through money and signatures rather than words. A debt, an inheritance or someone else's capital stands between you and has to be cleared. Nothing here gets settled in a hurry."
"sun","7","saturn","9","Различното възпитание тежи — вяра, език, къде е израснал другият. Приемате правилата му бавно и с проверка. Далечината тук се изтърпява, не се прескача.","The difference in upbringing weighs: faith, language, where the other one grew up. You take on their rules slowly and only after testing them. Distance here is endured, not jumped over."
"sun","7","saturn","10","Работата държи двойката ви, но и я стяга. Другият е свързан с положението ви и с отговорността ви пред хората. Тук по-често се уважава, отколкото се гали.","Work holds your pair together and also squeezes it. The other one is tied to your standing and to what you owe in public. This one gets respect more often than it gets petting."
"sun","7","saturn","11","Приятелите ви са малко и проверени, и точно те решават нещата. Не пускате всекиго и това ви пази. По-възрастен човек от кръга ви ще ви подскаже правилно.","Your friends are few and tested, and they are the ones who settle things. You do not let everybody in and that protects you. An older person in your circle will point you the right way."
"sun","7","saturn","12","Стои у вас нещо неказано и то бави близостта. Понякога сами оставате настрана, а после ви е трудно да се върнете. Проговорете — самотата тук не е съдба, а навик.","Something unsaid sits in you and it slows closeness down. Sometimes you stay apart by your own choice and then find it hard to come back. Speak up: solitude here is a habit, not a fate."
