"planet","house","ruler","ruler_house","bg","en"
"venus","11","venus","11","Приятелството ви е форма на обич — държите на своите хора и те го знаят. Влюбвате се сред компания и често от приятел става нещо повече. Тук вие избирате кръга си, никой не ви го дава.","Friendship is a form of love for you — you hold on to your people and they know it. You fall in love inside company, and a friend often turns into something more. You choose your circle here; nobody hands it to you."
"venus","11","sun","8","Приятелите ви влизат и в парите ви — общи каси, заеми, дялове. Близостта е дълбока, но иска яснота. Тук доверието се дава, а не се предполага.","Your friends get into your money as well — shared funds, loans, shares. The closeness is deep and it wants clarity. Trust here is given, not assumed."
"venus","11","sun","9","Хората, които ви отварят света, идват отдалеч. Един приятел от друго място ви променя вкуса. Тук кръгът ви е по-широк от града ви.","The people who open the world for you come from far away. One friend from somewhere else changes your taste. Your circle here is wider than your town."
"venus","11","sun","10","Кръгът ви работи за името ви и вие го поддържате. Познанствата ви носят покани, а поканите — работа. Само не превръщайте приятелството в стълба.","Your circle works for your name and you keep it up. Your acquaintances bring invitations, and the invitations bring work. Just do not turn friendship into a ladder."
"venus","11","sun","11","Тук всичко е на място: сред своите сте най-добрата версия на себе си. Хората ви търсят, защото с вас е леко. Внимавайте само да не се загубите в общото.","Here everything sits in place: among your own you are the best version of yourself. People seek you out because you are easy to be with. Just take care not to disappear into the collective."
"venus","11","sun","12","Имате един-двама приятели, за които никой не знае. Обичта ви е тиха и не се обявява. Тук е добре да не криете кой ви е важен.","You have one or two friends nobody knows about. Your affection is quiet and unannounced. Better here not to hide who matters to you."
"venus","11","sun","1","Вие сте човекът, около когото се събират, и това ви подхожда. Държите тона приятен и групата се нарежда. Само не носете цялото настроение на компанията.","You are the one people gather around, and it suits you. You keep the tone pleasant and the group falls into place. Just do not carry the whole crowd's mood."
"venus","11","sun","2","Приятелите ви и парите ви се преплитат — подаръци, услуги, общи разходи. Щедри сте и очаквате същото. Тук сметките между свои трябва да са ясни.","Your friends and your money are tangled together — presents, favours, shared costs. You are generous and expect the same. Accounts between friends have to be clear here."
"venus","11","mercury","8","С приятели говорите и за неща, които не се разказват. Знаете чужди тайни и ги пазите. Тук е добре да не бъдете банка за всички.","With friends you also talk about things that do not get told. You know other people's secrets and you keep them. Better here not to be everybody's bank."
"venus","11","mercury","9","Обичате компания, в която се учи и се пътува. Един разговор в група ви мести напред. Само проверявайте кое от мнението е ваше.","You like company where there is learning and travelling. One conversation in a group moves you forward. Just check which part of the opinion is yours."
"venus","11","mercury","10","Познанствата ви носят работа, защото умеете да свържете хората. Помните кой какво може. Тук услугата се връща, ако не я броите на глас.","Your acquaintances bring you work because you know how to connect people. You remember who can do what. The favour comes back here as long as you do not count it out loud."
"venus","11","mercury","11","Вие сте телефонът на компанията — всичко минава през вас. Приятно ви е да уреждате и да запознавате. Само не поемайте чужди уговорки.","You are the crowd's telephone — everything goes through you. You enjoy arranging things and introducing people. Just do not take on other people's arrangements."
"venus","11","mercury","12","Пишете на един приятел неща, които не казвате на никого. Обичта ви е в думите, но насаме. Излезте понякога и на глас.","You write to one friend the things you say to nobody else. Your affection is in words, but in private. Come out loud sometimes as well."
"venus","11","mercury","1","Представяте се леко и хората ви приемат в кръга веднага. Умеете да заговорите непознат. Само не мерете себе си по това колко ви харесват.","You introduce yourself easily and people take you into the circle at once. You can start a conversation with a stranger. Just do not measure yourself by how much they like you."
"venus","11","mercury","2","Говорите за пари с приятели без притеснение и това пази отношенията. Уреждате изгодно и за двете страни. Тук яснотата е форма на уважение.","You talk about money with friends without embarrassment, and that protects the friendship. You arrange it so both sides gain. Clarity here is a form of respect."
"venus","11","moon","1","Настроението ви следва компанията, в която сте. Сред добри хора светите, сред кисели се свивате. Тук изборът на кръг е избор на живот.","Your mood follows whichever company you are in. Among good people you light up; among sour ones you shrink. Choosing the circle here is choosing the life."
"venus","11","moon","2","Приятно ви е с хора, с които се чувствате сигурни. Общите разходи ви влизат под кожата, ако не са наред. Тук малко яснота пази много топлина.","You are at ease with people who make you feel secure. Shared costs get under your skin when they are not straight. A little clarity here protects a lot of warmth."
"venus","11","moon","3","Кръгът ви е близък — съседи, съученици, роднини по избор. Един разговор ви оправя настроението. Само че се обиждате по-лесно, отколкото показвате.","Your circle is close at hand — neighbours, schoolmates, relatives by choice. One conversation mends your mood. But you take offence more easily than you show."
"venus","11","moon","4","Приятелите ви влизат вкъщи и стават семейство. Гощавате и се грижите, и това ви е обичта. Само помнете, че и на вас ви трябва празна вечер.","Your friends come into the house and become family. You feed them and look after them, and that is your affection. Just remember you need an empty evening too."
"venus","11","moon","5","Забавно ви е сред своите и там се влюбвате. Компанията ви носи игра и лекота. Стане ли еднообразно, вие първи го усещате.","You enjoy yourself among your own, and that is where you fall in love. The crowd brings you play and lightness. When it turns monotonous, you are the first to feel it."
"venus","11","moon","6","Помагате на приятели практично — с време, с ръце, с грижа. Приятно ви е, когато има за кого. Само не ставайте услугата, която всички очакват.","You help friends practically — with time, with your hands, with care. You are content when there is somebody to do it for. Just do not become the favour everybody expects."
"venus","11","moon","7","Влюбвате се в приятел и това ви е познатият път. Един човек от кръга става център. Тук е добре да не смесвате всичко наведнъж.","You fall for a friend, and that is your familiar road. One person from the circle becomes the centre. Better here not to mix everything at once."
"venus","11","moon","8","С приятели ви свързват общи пари и общи тайни. Ревнувате за вниманието им повече, отколкото признавате. Тук честният разговор пази връзката.","Shared money and shared secrets tie you to your friends. You are more jealous of their attention than you admit. An honest conversation here saves the bond."
"venus","11","moon","9","Приятелите ви са от различни места и това ви храни. Обичате да гостувате и да ви гостуват. Останете ли само с местните, ви става тясно.","Your friends come from different places and that feeds you. You like visiting and being visited. Left only with the local ones, you feel hemmed in."
"venus","11","moon","10","Държите на това как изглежда кръгът ви пред хората. Приятелите ви влизат и в работата. Тук е добре да имате и някой без връзка с кариерата.","You mind how your circle looks to other people. Your friends get into the work as well. Best here to keep somebody with no connection to the career."
"venus","11","moon","11","Тук чувството и компанията са едно — своите са ви домът. Настроението ви идва от групата и се връща в нея. Само пазете едно решение да е само ваше.","Here the feeling and the company are one thing — your people are your home. Your mood comes from the group and goes back into it. Just keep one decision entirely your own."
"venus","11","moon","12","Имате приятел, с когото мълчите добре. Обичта ви не се показва пред другите. Тук е добре понякога да я кажете на глас.","You have a friend with whom silence is comfortable. Your affection is not displayed to others. It helps here to say it out loud sometimes."
"venus","11","mars","1","Влизате в компания смело и веднага ставате част от нея. Защитавате своите шумно. Само не превръщайте всяко събиране в арена.","You enter a crowd boldly and become part of it at once. You defend your own loudly. Just do not turn every gathering into an arena."
"venus","11","mars","2","С приятели спорите за пари и после черпите. Плащате бързо и очаквате същото. Тук неяснотата в сметките пали най-бързо.","With friends you argue about money and then buy the drinks. You pay fast and expect the same. Unclear accounts set you off quickest here."
"venus","11","mars","3","В кръга ви се спори с удоволствие и после се смеете. Казвате го остро и не се сърдите дълго. Само не всеки понася вашия тон.","In your circle arguing is a pleasure and then you laugh. You say it sharply and do not sulk long. But not everybody can take your tone."
"venus","11","mars","4","Приятелите ви влизат вкъщи и обръщат мястото. Обичате го и после се сърдите на бъркотията. Кажете си правилата рано.","Your friends come in and turn the place over. You love it and then resent the mess. State your rules early."
"venus","11","mars","5","Забавлявате се в надпревара със своите — спорт, игри, шеги на ръба. Обичате да предизвиквате. Тук лесно прекрачвате мярката.","You enjoy yourself competing with your own — sport, games, jokes near the edge. You like to provoke. Here you overstep the measure easily."
"venus","11","mars","6","Помагате на приятели с работа и с ръце. Раздразвате се от тези, които само говорят. Тук уморявате себе си за чужди задачи.","You help friends with work and with your hands. The ones who only talk irritate you. Here you exhaust yourself on other people's jobs."
"venus","11","mars","7","Един приятел ви е и съперник и точно това ви държи. Спорите, помирявате се и продължавате. Тук триенето е част от близостта.","One friend is also a rival, and that is exactly what holds you. You argue, you make up, you carry on. Friction here is part of the closeness."
"venus","11","mars","8","Общи пари с приятели ви носят и полза, и спорове. Влизате смело там, където други се пазят. Уговаряйте всичко, дори с най-близките.","Shared money with friends brings you both gain and quarrels. You go in boldly where others hold back. Put everything in writing, even with the closest."
"venus","11","mars","9","Приятелите ви са от далеч и споровете ви са за принципи. Тръгвате заедно и се връщате различни. Тук пътят е по-важен от правотата.","Your friends are from far away and your arguments are about principles. You set off together and come back different. The road matters more here than being right."
"venus","11","mars","10","Кръгът ви е свързан с работа и там се борите заедно. Дърпате групата напред и понякога сами. Само не искайте от всички вашето темпо.","Your circle is bound up with work and you fight there together. You pull the group forward, sometimes on your own. Just do not ask everybody for your pace."
"venus","11","mars","11","Тук огънят е в компанията: биете се за своите и не питате защо. Каузите ви идват от групата. Само че не всяка е ваша.","Here the fire is in the company: you fight for your own and do not ask why. Your causes come from the group. But not every one of them is yours."
"venus","11","mars","12","Има приятел, за когото не говорите, и има спор, който не сте водили. Носите го тихо. Кажете го рано, преди да се е втвърдило.","There is a friend you do not speak about and an argument you never had. You carry it quietly. Say it early, before it hardens."
"venus","11","jupiter","1","Хората ви приемат широко и вие им отвръщате. Кръгът ви расте, без да го търсите. Мярката в обещанията е урокът.","People take to you generously and you answer in kind. Your circle grows without your looking for it. Measure in your promises is the lesson."
"venus","11","jupiter","2","Приятелите ви носят и пари — съвет, поръчка, добра сделка. Щедри сте и това се връща. Само не давайте на заем повече, отколкото ви е излишно.","Your friends bring money too — advice, a commission, a good deal. You are generous and it comes back. Just do not lend more than you can spare."
"venus","11","jupiter","3","Свързвате хора и от това ви е приятно. Разказвате и компанията се събира. Тук обещавате леко и после гоните обещаното.","You connect people and it pleases you. You start talking and the crowd gathers. Here you promise easily and then chase what you promised."
"venus","11","jupiter","4","Домът ви е отворен за приятели и там се събират. Гощавате щедро и с удоволствие. Само не поемайте цялото събиране на свой гръб.","Your home is open to friends and that is where they gather. You feed them generously and gladly. Just do not take the whole gathering on your own back."
"venus","11","jupiter","5","Компанията ви е за радост — празници, музика, деца наоколо. Влюбвате се сред приятели. Мярката е единственото, което ви липсва.","Your company is for gladness — celebrations, music, children about. You fall in love among friends. Moderation is the only thing you lack."
"venus","11","jupiter","6","Помагате практично и хората ви търсят точно за това. Услугите ви носят повече от думите. Само не поемайте всяка молба.","You help practically and that is exactly why people come. Your favours bring more than words do. Just do not take on every request."
"venus","11","jupiter","7","Приятел ви става партньор и това ви върви. Един съюз от кръга ви променя живота. Внимавайте с обещанията, дадени в добро настроение.","A friend becomes a partner and it works for you. One alliance from the circle changes your life. Watch the promises made in a good mood."
"venus","11","jupiter","8","Общите пари в компанията растат, когато сте вътре. Дават ви доверие и вие го пазите. Не разчитайте вечно на късмет.","The group's shared money grows when you are in it. Trust is given to you and you keep it. Do not count on luck forever."
"venus","11","jupiter","9","Кръгът ви е широк и пръснат по света. Един приятел отдалеч ви отваря държава. Тук малкото поле ви е тясно.","Your circle is wide and scattered across the world. One friend far away opens a country for you. A small field is too narrow for you here."
"venus","11","jupiter","10","Приятелите ви издигат и вие им връщате. Един разговор в правилната компания ви мести напред. Само не мерете хората по това какво могат.","Friends lift you and you lift them back. One conversation in the right company moves you forward. Just do not measure people by what they can do for you."
"venus","11","jupiter","11","Тук всичко е в изобилие: хора, покани, планове, добронамереност. Получавате повече, отколкото сте търсили. Довършването е вашата работа.","Here everything comes in abundance: people, invitations, plans, goodwill. You get more than you were looking for. Finishing is your part."
"venus","11","jupiter","12","Имате приятели, за които никой не знае, и помагате тихо. Доброто ви се връща по обиколни пътища. Само не давайте, докато не ви остане нищо.","You have friends nobody knows about and you help quietly. Your good comes back by roundabout roads. Just do not give until nothing is left."
"venus","11","saturn","1","Приятелства правите бавно и после ги държите. Малко хора влизат, но остават. Тук постоянството е вашата обич.","You make friendships slowly and then you keep them. Few people come in, and they stay. Constancy here is your form of affection."
"venus","11","saturn","2","С приятели уговаряте парите точно и предварително. Не давате на заем лесно и с право. Тук яснотата пази отношенията.","With friends you settle the money precisely and in advance. You do not lend easily, and rightly. Clarity here protects the relationship."
"venus","11","saturn","3","Говорите с приятели кратко и по същество. Не се обаждате често, но сте там, когато трябва. Тук едно идване струва повече от сто съобщения.","You talk to friends briefly and to the point. You do not call often, but you turn up when it matters. One visit here is worth a hundred messages."
"venus","11","saturn","4","Приятелите ви идват през дома и рода и остават с години. Влизат малко хора и то след време. Само не затваряйте вратата съвсем.","Your friends come through the home and the family, and stay for years. Few people get in, and only after a while. Just do not close the door altogether."
"venus","11","saturn","5","Дори веселбата ви е с мярка и с повод. Приятелите ви са по-сериозни от повечето. Дайте си една вечер без план.","Even your merriment is measured and needs a reason. Your friends are more serious than most. Give yourself one evening without a plan."
"venus","11","saturn","6","Помагате на своите редовно и без шум. Оценяват ви за надеждността, не за настроението. Само не носете чуждите задачи вечно.","You help your own regularly and without noise. They value you for the reliability, not the mood. Just do not carry their tasks forever."
"venus","11","saturn","7","Един приятел ви е като договор — ясен, строг и траен. Може да е по-възрастен или по-твърд от вас. Каквото си обещаете, ще се спази.","One friend is like a contract — clear, strict and lasting. They may be older or harder than you. Whatever the two of you promise will be kept."
"venus","11","saturn","8","Общите пари с приятели са сериозна работа и вие ги пазите. Дълг между свои ви тежи, докато не се върне. Тук уговорката пази приятелството.","Shared money with friends is serious business and you guard it. A debt between friends weighs on you until it is repaid. The agreement here protects the friendship."
"venus","11","saturn","9","Приятелите ви по интерес са малко и трайни. Учите се заедно и бавно. Тук един съмишленик струва повече от цял курс.","The friends who share your interest are few and lasting. You study together and slowly. One like-minded person here is worth a whole course."
"venus","11","saturn","10","Кръгът ви е от хора, с които работите, и това е проверено. Признанието идва през тях, но след време. Тук услугите се връщат точно.","Your circle is made of the people you work with, and it is tested. Recognition comes through them, but later. Favours here get returned exactly."
"venus","11","saturn","11","Тук всичко е издържане: малко приятели, дълги години, никакъв шум. Каквото сте изградили, не се разпада. Само не отказвайте новите хора автоматично.","Everything here is endurance: few friends, long years, no noise. What you built does not fall apart. Just do not turn new people away automatically."
"venus","11","saturn","12","Имате един приятел за тежките неща и толкова ви е нужно. Обичта ви е тиха и без свидетели. Поискайте помощ, преди да е станало много.","You have one friend for the heavy things and that is all you need. Your affection is quiet and without witnesses. Ask for help before it gets to be too much."
